ID,reads,allignment_rate
S16_AGAC,279145,82.19
S7_TCAC,643939,55.83
S12_TCAC,271823,7.13
S5_ACCA,66767,78.80
S8_GACT,86977,77.07
S7_TGTC,517398,28.83
S17_AGTG,132504,73.41
S13_CTAC,411489,0.45
S14_ACCA,447868,32.50
S14_CATC,322334,47.51
S3_GCTT,311167,83.29
S1_ACCA,368211,69.46
S2_GTGT,246724,82.91
S7_AGTG,458740,34.84
S6_GACT,552994,57.12
S5_AGTG,159731,82.66
S8_CTAC,264920,32.12
S14_CTAC,163171,79.49
S16_GACT,134943,76.88
S9_TGTC,238742,18.99
S6_TGTC,219568,82.90
S16_GTGT,404740,11.74
S2_GACT,286301,37.43
S17_GCTT,77500,1.58
S11_GACT,226353,77.32
S15_TCAC,52619,65.12
S10_TCAC,496811,4.71
S16_TGTC,519923,22.07
S6_ACCA,130438,81.22
S11_TCAC,395788,40.56
S2_CATC,157500,82.83
S13_TGTC,218822,0.69
S1_TCAC,345299,83.61
S10_GTGA,480603,0.33
S2_GTGA,365148,64.90
S6_CATC,88614,79.62
S9_AGTG,200420,0.88
S17_AGAC,788049,0.33
S5_GCTT,223958,82.56
S6_TCAC,423392,50.53
S6_GTGA,386045,52.68
S16_TCAG,261438,57.34
S16_AGTG,532816,36.60
S17_ACCA,133768,0.68
S14_GCTT,195117,34.28
S9_AGAC,105803,78.20
S6_GTGT,390358,37.19
S14_GACT,300250,10.98
S5_GACT,665849,47.73
S2_AGTG,500727,40.35
S4_AGTG,176710,56.00
S12_TGTC,314769,6.40
S3_AGAC,228974,82.95
S3_ACCA,566244,52.00
S7_CTAC,311347,81.53
S1_TGTC,207191,82.41
S15_GTGT,242998,28.60
S12_GACT,461708,44.46
S10_TGTC,390974,26.30
S14_AGTG,475572,31.63
S14_AGAC,642654,11.65
S5_TCAC,270141,82.42
S17_GTGA,114751,73.16
S8_TCAC,293079,30.37
S9_TCAG,384589,11.50
S4_CATC,329553,44.38
S16_TCAC,247652,80.38
S7_CATC,259006,41.78
S12_CTAC,612030,4.38
S15_ACCA,225500,29.71
S5_TCAG,149117,81.64
S10_CTAC,321754,35.50
S3_GTGT,263747,83.34
S16_CATC,149284,69.88
S8_GTGA,256446,55.83
S3_TCAC,365213,83.31
S6_CTAC,130964,82.57
S6_AGTG,195729,82.27
S11_GCTT,372128,44.57
S13_GCTT,180468,59.33
S3_TCAG,444273,55.48
S9_CATC,229515,41.09
S14_GTGT,146388,6.29
S16_GCTT,137831,74.33
S13_TCAC,45205,73.09
S10_GACT,304492,33.28
S15_AGAC,62606,74.53
S7_ACCA,650698,23.47
S9_TCAC,252834,11.12
S11_CATC,261607,82.36
S15_CATC,109865,81.72
S9_GTGT,91338,80.27
S4_GTGA,455362,45.58
S13_GACT,101824,74.94
S12_TCAG,228979,32.96
S14_GTGA,257091,82.52
S1_GTGT,190820,83.31
S2_TCAC,221958,81.78
S2_ACCA,271384,83.95
S8_ACCA,225691,47.70
S1_AGTG,224283,51.87
S4_GACT,196518,83.74
S3_AGTG,192919,82.78
S8_AGTG,244943,48.48
S2_CTAC,360326,73.13
S13_AGAC,387789,6.41
S9_GACT,240773,0.68
S9_GTGA,189282,40.17
S14_TCAC,726571,24.29
S11_CTAC,272157,45.96
S15_GTGA,294113,19.58
S17_TCAG,453686,32.79
S13_CATC,278442,0.98
S15_GCTT,201021,24.76
S6_TCAG,200083,82.35
S7_GTGT,194614,54.11
S9_CTAC,270691,18.05
S4_AGAC,272227,61.89
S1_GTGA,462672,50.59
S11_GTGT,510037,29.69
S10_GCTT,171501,81.42
S3_GTGA,290302,83.24
S7_TCAG,319966,80.23
S12_ACCA,121605,78.21
S9_ACCA,307991,13.86
S13_GTGA,77605,77.00
S7_AGAC,201763,81.43
S10_ACCA,287115,36.58
S11_GTGA,194937,82.20
S4_ACCA,148292,84.40
S4_TCAC,355262,82.77
S12_GTGT,439617,9.96
S16_ACCA,174748,82.33
S12_GTGA,210205,82.51
S12_AGTG,242917,21.49
S12_AGAC,127154,80.65
S10_AGAC,337427,32.12
S1_GCTT,158439,82.46
S9_GCTT,124298,79.12
S10_AGTG,496764,4.17
S14_TGTC,63079,76.53
S8_TGTC,308742,26.40
S1_AGAC,216301,83.06
S17_GTGT,5285,49.78
S5_GTGT,211054,82.25
S2_TGTC,187668,81.93
S13_AGTG,221380,35.90
S5_TGTC,204632,82.40
S2_GCTT,573213,48.30
S11_AGAC,157130,81.42
S8_GCTT,376867,31.82
S11_TGTC,1358318,46.40
S11_AGTG,119464,82.37
S13_GTGT,323836,18.59
S15_GACT,261873,32.55
S3_TGTC,282685,82.40
S6_AGAC,396539,53.27
S12_CATC,125702,78.72
S7_GTGA,365798,83.11
S5_AGAC,118387,82.52
S3_CATC,190911,82.39
S1_CATC,422695,53.45
S14_TCAG,500309,39.46
S4_GTGT,137730,81.30
S1_CTAC,316539,84.83
S8_AGAC,217430,83.57
S11_ACCA,486690,35.94
S16_CTAC,534207,35.71
S2_TCAG,447605,41.94
S5_CATC,145142,83.55
S13_ACCA,253975,30.04
S1_GACT,364504,83.11
S2_AGAC,202438,83.49
S10_TCAG,349633,21.71
S4_TCAG,273862,84.14
S8_GTGT,327712,49.17
S15_TGTC,465042,15.27
S15_AGTG,239541,34.70
S1_TCAG,222651,82.53
S6_GCTT,381608,1.22
S7_GACT,441388,58.29
S17_CATC,534928,16.30
S5_CTAC,166842,82.73
S16_GTGA,648587,25.78
S11_TCAG,609551,17.53
S4_GCTT,181929,81.45
S15_TCAG,261843,1.73
S8_CATC,519213,19.96
S12_GCTT,112705,77.26
S8_TCAG,351539,40.27
S7_GCTT,274559,82.71
S10_CATC,444496,0.32
S15_CTAC,81273,76.86
S4_CTAC,241495,82.37
S4_TGTC,330555,81.67
S10_GTGT,341665,0.57
S3_GACT,342294,84.46
S3_CTAC,352408,83.34
S5_GTGA,254937,66.08
S13_TCAG,91178,76.93
