ID,bcg1_count
Unmatched,4778833
S9_TCAC,1683602
S9_AGTG,1879736
S9_GCTT,640489
S9_TCAG,2813264
S9_CATC,1426644
S9_AGAC,247835
S9_GACT,2601472
S9_GTGA,735727
S9_ACCA,1875435
S9_CTAC,1484230
S9_TGTC,1080917
S9_GTGT,276837
S6_GACT,2706626
S6_GCTT,6365957
S6_GTGT,1650976
S6_TCAG,1132798
S6_CTAC,411563
S6_TGTC,1055434
S6_GTGA,1506054
S6_TCAC,1712695
S6_ACCA,403782
S6_AGTG,1330394
S6_AGAC,1099365
S6_CATC,256123
S17_TCAG,4173258
S17_AGTG,1194838
S17_AGAC,9452617
S17_CATC,4086868
S17_GTGA,681416
S17_ACCA,394197
S17_GCTT,138225
S17_CTAC,3419
S17_GTGT,11924
S17_TCAC,9583
S17_GACT,3974
S17_TGTC,5746
S11_TCAC,2949429
S11_TGTC,8352514
S11_CATC,626948
S11_ACCA,3337726
S11_TCAG,4992508
S11_GTGT,2867269
S11_GCTT,1714391
S11_CTAC,1252588
S11_AGTG,644837
S11_GTGA,782594
S11_GACT,725775
S11_AGAC,445927
S10_TCAC,3399515
S10_GTGT,3447973
S10_AGAC,1913493
S10_CATC,3035393
S10_GACT,1379536
S10_AGTG,2444053
S10_TCAG,1669458
S10_ACCA,923734
S10_TGTC,1770185
S10_CTAC,986232
S10_GTGA,2995523
S10_GCTT,954555
S2_CATC,396252
S2_TGTC,886726
S2_GTGA,1680577
S2_CTAC,1412668
S2_TCAG,1892832
S2_TCAC,1111418
S2_AGTG,2168552
S2_ACCA,710739
S2_GCTT,3108410
S2_GTGT,943905
S2_AGAC,577592
S2_GACT,1153408
S13_ACCA,1717968
S13_AGTG,1712528
S13_AGAC,3268141
S13_GTGT,1443411
S13_GACT,313429
S13_GCTT,773040
S13_CTAC,2166437
S13_TGTC,1915797
S13_CATC,2696004
S13_TCAC,226029
S13_TCAG,378887
S13_GTGA,299923
S3_GTGA,1413338
S3_GCTT,2027665
S3_TGTC,1457767
S3_ACCA,2265169
S3_CTAC,1141745
S3_GTGT,1101715
S3_TCAG,2155202
S3_CATC,554115
S3_AGTG,1268701
S3_TCAC,1521421
S3_GACT,1296197
S3_AGAC,736961
S15_TCAG,1436260
S15_CATC,249907
S15_ACCA,2157774
S15_GTGT,1557746
S15_AGTG,1279429
S15_GTGA,1289795
S15_GCTT,1335994
S15_GACT,1793572
S15_TGTC,1484015
S15_CTAC,220766
S15_TCAC,228132
S15_AGAC,190107
S8_GCTT,1370590
S8_TGTC,1309442
S8_GTGA,1014687
S8_TCAC,2693498
S8_CATC,2186411
S8_TCAG,1518998
S8_AGTG,912114
S8_ACCA,561752
S8_AGAC,570268
S8_GTGT,1692541
S8_CTAC,1532313
S8_GACT,309954
S4_TCAC,1563440
S4_GTGA,1866114
S4_CTAC,768471
S4_TCAG,1405794
S4_GCTT,1137636
S4_GACT,642720
S4_CATC,819794
S4_TGTC,2070261
S4_AGTG,842738
S4_GTGT,413338
S4_AGAC,717893
S4_ACCA,382129
S16_CTAC,4338245
S16_GCTT,947100
S16_TGTC,4551346
S16_AGAC,798403
S16_CATC,388524
S16_GTGA,6401418
S16_GACT,608886
S16_AGTG,4374724
S16_GTGT,2100111
S16_TCAC,1221716
S16_ACCA,459092
S16_TCAG,1112625
S5_GACT,3705031
S5_GCTT,1221030
S5_TGTC,1053244
S5_AGAC,329153
S5_AGTG,1138141
S5_CTAC,502508
S5_TCAC,1370157
S5_CATC,359003
S5_GTGA,1218085
S5_GTGT,852729
S5_TCAG,857156
S5_ACCA,201630
S7_ACCA,3068685
S7_GTGA,1797391
S7_TCAC,4198337
S7_AGTG,1765777
S7_TGTC,4235342
S7_CATC,954087
S7_TCAG,1870015
S7_GCTT,1662409
S7_GACT,1601395
S7_CTAC,1061121
S7_GTGT,662879
S7_AGAC,484156
S1_TCAC,1306045
S1_GTGA,1782886
S1_TCAG,1101711
S1_TGTC,1025616
S1_AGTG,878769
S1_CTAC,851603
S1_AGAC,552524
S1_CATC,1301135
S1_ACCA,1013357
S1_GACT,1204402
S1_GCTT,941626
S1_GTGT,601277
S14_TCAC,4090369
S14_CATC,1568721
S14_AGAC,6128186
S14_AGTG,3932685
S14_GACT,1799929
S14_TCAG,1913761
S14_CTAC,443168
S14_ACCA,3710587
S14_GTGT,574766
S14_GTGA,1145122
S14_GCTT,610225
S14_TGTC,242169
S12_CTAC,3016244
S12_TCAC,2643558
S12_GACT,2428617
S12_GTGT,2411110
S12_GTGA,756387
S12_TGTC,3476022
S12_AGTG,2081573
S12_TCAG,2164481
S12_ACCA,299079
S12_CATC,295451
S12_GCTT,624699
S12_AGAC,331180
