ID,raw_count
Unmatched,11805550
S9_TCAC,1721926
S9_AGTG,1916960
S9_GCTT,652579
S9_TCAG,2857429
S9_CATC,1462215
S9_AGAC,258429
S9_GACT,2654385
S9_GTGA,762672
S9_ACCA,1916009
S9_CTAC,1512670
S9_TGTC,1101086
S9_GTGT,283729
S6_GACT,2782969
S6_GCTT,6484337
S6_GTGT,1693758
S6_TCAG,1157831
S6_CTAC,424427
S6_TGTC,1077893
S6_GTGA,1543992
S6_TCAC,1751683
S6_ACCA,415967
S6_AGTG,1352515
S6_AGAC,1130118
S6_CATC,266883
S17_TCAG,4267681
S17_AGTG,1211622
S17_CATC,4179128
S17_AGAC,9650018
S17_GTGA,696796
S17_ACCA,402247
S17_GCTT,142962
S17_CTAC,4328
S17_GTGT,12717
S17_TCAC,12430
S17_GACT,4518
S17_TGTC,6836
S11_TCAC,3026853
S11_TGTC,8503390
S11_CATC,656317
S11_ACCA,3426152
S11_AGAC,459971
S11_TCAG,5134216
S11_GTGT,2946544
S11_GCTT,1759724
S11_CTAC,1290940
S11_AGTG,659588
S11_GTGA,808437
S11_GACT,741957
S10_TCAC,3475357
S10_GTGT,3518447
S10_AGAC,1975540
S10_CATC,3097836
S10_GACT,1409646
S10_AGTG,2511035
S10_TCAG,1723374
S10_ACCA,954485
S10_TGTC,1807110
S10_CTAC,1004972
S10_GTGA,3069475
S10_GCTT,973721
S2_CATC,408870
S2_TGTC,905783
S2_GTGA,1726253
S2_CTAC,1445015
S2_TCAG,1941007
S2_TCAC,1133755
S2_AGTG,2220435
S2_ACCA,735245
S2_GCTT,3182031
S2_GTGT,964271
S2_AGAC,593822
S2_GACT,1181323
S13_ACCA,1749308
S13_AGTG,1743374
S13_AGAC,3326246
S13_GTGT,1487067
S13_GACT,321060
S13_GCTT,787480
S13_CTAC,2195954
S13_TGTC,1944890
S13_CATC,2741680
S13_TCAC,232658
S13_TCAG,401757
S13_GTGA,310055
S3_GTGA,1445270
S3_GCTT,2064814
S3_TGTC,1486522
S3_ACCA,2335702
S3_CTAC,1175615
S3_GTGT,1123418
S3_TCAG,2198432
S3_CATC,567537
S3_AGTG,1289980
S3_TCAC,1555380
S3_GACT,1327652
S3_AGAC,756966
S15_TCAG,1464660
S15_CATC,258232
S15_ACCA,2199728
S15_GACT,1835523
S15_GTGT,1590147
S15_AGTG,1307156
S15_GTGA,1315156
S15_GCTT,1362652
S15_TGTC,1509063
S15_CTAC,225581
S15_TCAC,232362
S15_AGAC,195662
S8_GCTT,1399448
S8_TGTC,1335757
S8_GTGA,1040736
S8_TCAC,2746737
S8_CATC,2242123
S8_TCAG,1555044
S8_AGTG,933758
S8_ACCA,575101
S8_AGAC,592481
S8_GTGT,1727478
S8_CTAC,1560781
S8_GACT,315520
S4_TCAC,1601901
S4_GTGA,1906559
S4_CTAC,785894
S4_TCAG,1435188
S4_GCTT,1156035
S4_GACT,662736
S4_CATC,843540
S4_TGTC,2108754
S4_AGTG,858902
S4_GTGT,421759
S4_AGAC,741549
S4_ACCA,392701
S16_CTAC,4444702
S16_GCTT,962139
S16_TGTC,4636142
S16_AGAC,834205
S16_CATC,399778
S16_GTGA,6555866
S16_GACT,621403
S16_AGTG,4491375
S16_GTGT,2137286
S16_TCAC,1245831
S16_ACCA,474501
S16_TCAG,1144739
S5_GACT,3797469
S5_GCTT,1242396
S5_TGTC,1073606
S5_AGAC,341039
S5_AGTG,1155748
S5_CTAC,516180
S5_TCAC,1399326
S5_CATC,370004
S5_GTGA,1245412
S5_GTGT,868276
S5_TCAG,873281
S5_ACCA,206976
S7_ACCA,3137036
S7_GTGA,1850530
S7_TCAC,4297856
S7_AGTG,1807389
S7_TGTC,4324452
S7_CATC,985504
S7_TCAG,1908978
S7_GCTT,1690674
S7_GACT,1639003
S7_CTAC,1088327
S7_GTGT,681598
S7_AGAC,502216
S1_TCAC,1339342
S1_GTGA,1825193
S1_TCAG,1127803
S1_TGTC,1047888
S1_AGTG,900585
S1_CTAC,876627
S1_AGAC,570642
S1_CATC,1338044
S1_ACCA,1066689
S1_GACT,1233545
S1_GCTT,959156
S1_GTGT,614997
S14_TCAC,4202996
S14_CATC,1621275
S14_AGAC,6308599
S14_ACCA,3817840
S14_AGTG,4029370
S14_GACT,1831489
S14_TCAG,1981255
S14_CTAC,452873
S14_GTGT,618834
S14_GCTT,637697
S14_GTGA,1187322
S14_TGTC,247758
S12_CTAC,3074487
S12_TCAC,2685056
S12_GACT,2495362
S12_GTGT,2460424
S12_GTGA,783767
S12_TGTC,3548964
S12_AGTG,2116293
S12_TCAG,2223519
S12_ACCA,305951
S12_CATC,304574
S12_GCTT,634888
S12_AGAC,341634
